PassengerId,Survived,Pclass,Name,Sex,Age,SibSp,Parch,Ticket,Fare,Cabin,Embarked
892,0,3,"Kelly, Mr. James",1,0.38623104829163113,0,0,330911,-0.49741333194918286,,1
893,1,3,"Wilkes, Mrs. James (Ellen Needs)",0,1.3713700413713346,1,0,363272,-0.5122780073786185,,2
894,0,2,"Myles, Mr. Thomas Francis",1,2.5535368330669788,0,0,240276,-0.4641004685259794,,1
895,0,3,"Wirz, Mr. Albert",1,-0.2048523475561909,0,0,315154,-0.48247515776279987,,2
896,1,3,"Hirvonen, Mrs. Alexander (Helga E Lindqvist)",0,-0.5989079447880722,1,1,3101298,-0.41749150070575175,,2
897,0,3,"Svensson, Mr. Johan Cervin",1,-1.2293969003590823,0,0,7538,-0.4723914868401545,,2
898,1,3,"Connolly, Miss. Kate",0,0.031581010782937916,0,0,330972,-0.5009986371661234,,1
899,0,2,"Caldwell, Mr. Albert Francis",1,-0.28366346700256717,1,1,248738,-0.11789443351515412,,2
900,1,3,"Abrahim, Mrs. Joseph (Sophie Halaut Easu)",0,-0.9141524225735773,0,0,2657,-0.5081692476000046,,0
901,0,3,"Davies, Mr. John Samuel",1,-0.6777190642344485,2,0,A/4 48871,-0.20483808502596335,,2
902,0,3,"Ilieff, Mr. Ylio",1,-0.2048523475561909,0,0,349220,-0.4962194253119416,,2
903,0,1,"Jones, Mr. Charles Cresson",1,1.2925589219249582,0,0,694,-0.1716740117692629,,2
904,1,1,"Snyder, Mrs. John Pillsbury (Nelle Stevenson)",0,-0.520096825341696,1,0,21228,0.8369924534808912,B45,2
905,0,2,"Howard, Mr. Benjamin",1,2.632347952513355,1,0,24065,-0.1716740117692629,,2
906,1,1,"Chaffee, Mrs. Herbert Fuller (Carrie Constance Toogood)",0,1.3713700413713346,1,0,W.E.P. 5734,0.4588915432601625,E31,2
907,1,2,"del Carlo, Mrs. Sebastiano (Argenia Genovesi)",0,-0.4412857058953197,1,0,SC/PARIS 2167,-0.1408260456827061,,0
908,0,2,"Keane, Mr. Daniel",1,0.4256366080148193,0,0,233734,-0.4163710928254578,,1
909,0,3,"Assaf, Mr. Gerios",1,-0.6777190642344485,0,0,2692,-0.5082445390095603,,0
910,1,3,"Ilmakangas, Miss. Ida Livija",0,-0.2048523475561909,1,0,STON/O2. 3101270,-0.4956959707502683,,2
911,1,3,"Assaf Khalil, Mrs. Mariana (Miriam"")""",0,1.213747802478582,0,0,2696,-0.5082445390095603,,0
912,0,1,"Rothschild, Mr. Martin",1,2.0018589969423446,1,0,PC 17603,0.4270719594598148,,0
913,0,3,"Olsen, Master. Artur Karl",1,-1.6234524975909637,0,1,C 17368,-0.5809222610621629,,2
914,1,1,"Flegenheim, Mrs. Alfred (Antoinette)",0,-0.2048523475561909,0,0,PC 17598,-0.06979218607207077,,2
915,0,1,"Williams, Mr. Richard Norris II",1,-0.6777190642344485,0,1,PC 17597,0.46255213988665883,,0
916,1,1,"Ryerson, Mrs. Arthur Larned (Emily Maria Borie)",0,1.4501811608177106,1,3,PC 17608,4.065708591502392,B57 B59 B63 B66,0
917,0,3,"Robins, Mr. Alexander A",1,1.6078033997104633,1,0,A/5. 3337,-0.3778290617433466,,2
918,1,1,"Ostby, Miss. Helene Ragnhild",0,-0.5989079447880722,0,1,113509,0.4733080555374806,B36,0
919,0,3,"Daher, Mr. Shedid",1,-0.5595023850648841,0,0,2698,-0.5082445390095603,,0
920,0,1,"Brady, Mr. John Bertram",1,0.8985033246930769,0,0,113054,-0.09100464438809973,A21,2
921,0,3,"Samaan, Mr. Elias",1,-0.2048523475561909,2,0,2662,-0.24913094567604727,,0
922,0,2,"Louch, Mr. Charles Alexander",1,1.6078033997104633,1,0,SC/AH 3085,-0.1716740117692629,,2
923,0,2,"Jefferys, Mr. Clifford Thomas",1,-0.4412857058953197,2,0,C.A. 31029,-0.0730781183033968,,2
924,1,3,"Dean, Mrs. Bertram (Eva Georgetta Light)",0,0.2680143691220667,1,2,C.A. 2315,-0.26892541577877627,,2
925,1,3,"Johnston, Mrs. Andrew G (Elizabeth Lily"" Watson)""",0,-0.2048523475561909,1,2,W./C. 6607,-0.2173866532852554,,2
926,0,1,"Mock, Mr. Philipp Edmund",1,0.031581010782937916,1,0,13236,0.397493191420055,C78,0
927,0,3,"Katavelas, Mr. Vassilios (Catavelas Vassilios"")""",1,-0.8747468628503892,0,0,2682,-0.5081692476000046,,0
928,1,3,"Roth, Miss. Sarah A",0,-0.2048523475561909,0,0,342712,-0.4934551549896804,,2
929,1,3,"Cacic, Miss. Manda",0,-0.6777190642344485,0,0,315087,-0.48247515776279987,,2
930,0,3,"Sap, Mr. Julius",1,-0.3624745864489434,0,0,345768,-0.4674616921668612,,2
931,0,3,"Hee, Mr. Ling",1,-0.2048523475561909,0,0,1601,0.37500974240462065,,2
932,0,3,"Karun, Mr. Franz",1,0.7408810858003243,0,1,349256,-0.39724886745090526,,0
933,0,1,"Franklin, Mr. Thomas Parham",1,-0.2048523475561909,0,0,113778,-0.16181442242267627,D34,2
934,0,3,"Goldsmith, Mr. Nathan",1,0.8985033246930769,0,0,SOTON/O.Q. 3101263,-0.497040460206621,,2
935,1,2,"Corbett, Mrs. Walter H (Irene Colvin)",0,0.031581010782937916,0,0,237249,-0.40471885087040094,,2
936,1,1,"Kimball, Mrs. Edwin Nelson Jr (Gertrude Parsons)",0,1.213747802478582,1,0,11753,0.3043505471891556,D19,2
937,0,3,"Peltomaki, Mr. Nikolai Johannes",1,-0.3624745864489434,0,0,STON/O 2. 3101291,-0.4956959707502683,,2
938,0,1,"Chevre, Mr. Paul Romaine",1,1.213747802478582,0,0,PC 17594,-0.10534586525586208,A9,0
939,0,3,"Shaughnessy, Mr. Patrick",1,-0.2048523475561909,0,0,370374,-0.4988331128150913,,1
940,1,1,"Bucknell, Mrs. William Robert (Emma Eliza Ward)",0,2.395914594174226,0,0,11813,0.7298814601247914,D15,0
941,1,3,"Coutts, Mrs. William (Winnie Minnie"" Treanor)""",0,0.5044477274611955,0,2,C.A. 37671,-0.3527319252247625,,2
942,0,1,"Smith, Mr. Lucien Philip",1,-0.4412857058953197,1,0,13695,0.4378278751106366,C31,2
943,0,2,"Pulbaum, Mr. Franz",1,-0.2048523475561909,0,0,SC/PARIS 2168,-0.3682688453823745,,0
944,1,2,"Hocking, Miss. Ellen Nellie""""",0,-0.7565301836808248,2,1,29105,-0.22545359002337167,,2
945,1,1,"Fortune, Miss. Ethel Flora",0,-0.1260412281098146,3,2,19950,4.07691267030533,C23 C25 C27,2
946,0,2,"Mangiavacchi, Mr. Serafino Emilio",1,-0.2048523475561909,0,0,SC/A.3 2861,-0.35848275479273517,,0
947,0,3,"Rice, Master. Albert",1,-1.5446413781445874,4,1,382652,-0.11565361775456626,,1
948,0,3,"Cor, Mr. Bartol",1,0.4256366080148193,0,0,349230,-0.4962194253119416,,2
949,0,3,"Abelseth, Mr. Olaus Jorgensen",1,-0.3624745864489434,0,0,348122,-0.5006257654235616,F G63,2
950,0,3,"Davison, Mr. Thomas Henry",1,-0.2048523475561909,1,0,386525,-0.3491466200078219,,2
951,1,1,"Chaudanson, Miss. Victorine",0,0.5044477274611955,0,0,PC 17608,4.065708591502392,B61,0
952,0,3,"Dika, Mr. Mirko",1,-0.9929635420199536,0,0,349232,-0.4962194253119416,,2
953,0,2,"McCrae, Mr. Arthur Gordon",1,0.18920324967569047,0,0,237216,-0.3957555878280495,,2
954,0,3,"Bjorklund, Mr. Ernst Herbert",1,-0.9141524225735773,0,0,347090,-0.4988331128150913,,2
955,1,3,"Bradley, Miss. Bridget Delia",0,-0.5989079447880722,0,0,334914,-0.49928127596720884,,1
956,0,1,"Ryerson, Master. John Borie",1,-1.3082080198054586,2,2,PC 17608,4.065708591502392,B57 B59 B63 B66,0
957,1,2,"Corey, Mrs. Percy C (Mary Phyllis Elizabeth Miller)",0,-0.2048523475561909,0,0,F.C.C. 13534,-0.26130664219277755,,2
958,1,3,"Burns, Miss. Mary Delia",0,-0.9141524225735773,0,0,330963,-0.49651700564494766,,1
959,0,1,"Moore, Mr. Clarence Bloomfield",1,1.3713700413713346,0,0,113796,0.12232101601986507,,2
960,0,1,"Tucker, Mr. Gilbert Milligan Jr",1,0.11039213022931418,0,0,2543,-0.1261854518293292,C53,0
961,1,1,"Fortune, Mrs. Mark (Mary McDougald)",0,2.395914594174226,1,4,19950,4.07691267030533,C23 C25 C27,2
962,1,3,"Mulvihill, Miss. Bertha E",0,-0.4412857058953197,0,0,382653,-0.4988331128150913,,1
963,0,3,"Minkoff, Mr. Lazar",1,-0.6777190642344485,0,0,349211,-0.4962194253119416,,2
964,1,3,"Nieminen, Miss. Manta Josefina",0,-0.04723010866343835,0,0,3101297,-0.4956959707502683,,2
965,0,1,"Ovies y Rodriguez, Mr. Servando",1,-0.08663566838662648,0,0,PC 17562,-0.1408260456827061,D43,0
966,1,1,"Geiger, Miss. Amalie",0,0.4256366080148193,0,0,113503,3.15369657694313,C130,0
967,0,1,"Keeping, Mr. Edwin",1,0.2286088093988786,0,0,113503,3.15369657694313,C132,0
968,0,3,"Miles, Mr. Frank",1,-0.2048523475561909,0,0,359306,-0.4934551549896804,,2
969,1,1,"Cornell, Mrs. Robert Clifford (Malvina Helen Lamson)",0,2.0018589969423446,2,0,11770,-0.17705196959467379,C101,2
970,0,2,"Aldworth, Mr. Charles Augustus",1,0.031581010782937916,0,0,248744,-0.40471885087040094,,2
971,1,3,"Doyle, Miss. Elizabeth",0,-0.4412857058953197,0,0,368702,-0.4988331128150913,,1
972,0,3,"Boulos, Master. Akar",1,-1.8598858559300926,1,1,2678,-0.3644594585893751,,0
973,0,1,"Straus, Mr. Isidor",1,2.9475924302988603,1,0,PC 17483,3.3379669238730085,C55 C57,2
974,0,1,"Case, Mr. Howard Brown",1,1.528992280264087,0,0,19924,-0.1716740117692629,,2
975,0,3,"Demetri, Mr. Marinko",1,-0.2048523475561909,0,0,349238,-0.4962194253119416,,2
976,0,2,"Lamb, Mr. John Joseph",1,-0.2048523475561909,0,0,240261,-0.4458010706987146,,1
977,0,3,"Khalil, Mr. Betros",1,-0.2048523475561909,1,0,2660,-0.37865009663802596,,0
978,1,3,"Barry, Miss. Julia",0,-0.2048523475561909,0,0,330844,-0.49651700564494766,,1
979,1,3,"Badman, Miss. Emily Louisa",0,-0.9141524225735773,0,0,A/4 31416,-0.4934551549896804,,2
980,1,3,"O'Donoghue, Ms. Bridget",0,-0.2048523475561909,0,0,364856,-0.4988331128150913,,1
981,0,2,"Wells, Master. Ralph Lester",1,-2.1751303337155976,1,1,29103,-0.22545359002337167,,2
982,1,3,"Dyker, Mrs. Adolf Fredrik (Anna Elisabeth Judith Andersson)",0,-0.5989079447880722,1,0,347072,-0.38858497739416836,,2
983,0,3,"Pedersen, Mr. Olaf",1,-0.2048523475561909,0,0,345498,-0.49838494966297375,,2
984,1,1,"Davidson, Mrs. Thornton (Orian Hays)",0,-0.2048523475561909,1,2,F.C. 12750,0.2944156664330132,B71,2
985,0,3,"Guest, Mr. Robert",1,-0.2048523475561909,0,0,376563,-0.4934551549896804,,2
986,0,1,"Birnbaum, Mr. Jakob",1,-0.3624745864489434,0,0,13905,-0.1716740117692629,,0
987,0,3,"Tenglin, Mr. Gunnar Isidor",1,-0.3624745864489434,0,0,350033,-0.4980120779204119,,2
988,1,1,"Cavendish, Mrs. Tyrell William (Julia Florence Siegel)",0,3.6568925053162467,1,0,19877,0.7757428918072866,C46,2
989,0,3,"Makinen, Mr. Kalle Edvard",1,-0.04723010866343835,0,0,STON/O 2. 3101268,-0.4956959707502683,,2
990,1,3,"Braf, Miss. Elin Ester Maria",0,-0.7565301836808248,0,0,347471,-0.4969651687970653,,2
991,0,3,"Nancarrow, Mr. William Henry",1,0.2680143691220667,0,0,A./5. 3338,-0.4934551549896804,,2
992,1,1,"Stengel, Mrs. Charles Emil Henry (Annie May Morris)",0,1.0561255635858293,1,0,11778,0.3561133912587352,C116,0
993,0,2,"Weisz, Mr. Leopold",1,-0.2048523475561909,1,0,228414,-0.1716740117692629,,2
994,0,3,"Foley, Mr. William",1,-0.2048523475561909,0,0,365235,-0.4988331128150913,,1
995,0,3,"Johansson Palmquist, Mr. Oskar Leander",1,-0.28366346700256717,0,0,347070,-0.49838494966297375,,2
996,1,3,"Thomas, Mrs. Alexander (Thamine Thelma"")""",0,-1.07177466146633,1,1,2625,-0.4850888452659496,,0
997,0,3,"Holthen, Mr. Johan Martin",1,-0.1260412281098146,0,0,C 4001,-0.2339686899136056,,2
998,0,3,"Buckley, Mr. Daniel",1,-0.6777190642344485,0,0,330920,-0.49756391476829437,,1
999,0,3,"Ryan, Mr. Edward",1,-0.2048523475561909,0,0,383162,-0.4988331128150913,,1
1000,0,3,"Willer, Mr. Aaron (Abi Weller"")""",1,-0.2048523475561909,0,0,3410,-0.4815788314585648,,2
1001,0,2,"Swane, Mr. George",1,-0.8747468628503892,0,0,248734,-0.40471885087040094,F,2
1002,0,2,"Stanton, Mr. Samuel Ward",1,0.8985033246930769,0,0,237734,-0.3680447638063157,,0
1003,1,3,"Shine, Miss. Ellen Natalia",0,-0.2048523475561909,0,0,330968,-0.498309658253418,,1
1004,1,1,"Evans, Miss. Edith Corse",0,0.5044477274611955,0,0,PC 17531,-0.06986568482901802,A29,0
1005,1,3,"Buckley, Miss. Katherine",0,-0.8747468628503892,0,0,329944,-0.5071994225388221,,1
1006,1,1,"Straus, Mrs. Isidor (Rosalie Ida Blun)",0,2.632347952513355,1,0,PC 17483,3.3379669238730085,C55 C57,2
1007,0,3,"Chronopoulos, Mr. Demetrios",1,-0.9141524225735773,1,0,2680,-0.37865009663802596,,0
1008,0,3,"Thomas, Mr. John",1,-0.2048523475561909,0,0,2681,-0.5223616783012639,,0
1009,1,3,"Sandstrom, Miss. Beatrice Irene",0,-2.253941453161974,1,1,PP 9549,-0.33839070435700014,G6,2
1010,0,1,"Beattie, Mr. Thomson",1,0.5044477274611955,0,0,13050,0.711058607735853,C6,0
1011,1,2,"Chapman, Mrs. John Henry (Sara Elizabeth Lawry)",0,-0.04723010866343835,1,0,SC/AH 29037,-0.1716740117692629,,2
1012,1,2,"Watt, Miss. Bertha J",0,-1.387019139251835,0,0,C.A. 33595,-0.3554209041374679,,2
1013,0,3,"Kiernan, Mr. John",1,-0.2048523475561909,1,0,367227,-0.4988331128150913,,1
1014,1,1,"Schabert, Mrs. Paul (Emma Mock)",0,0.4256366080148193,1,0,13236,0.397493191420055,C28,0
1015,0,3,"Carver, Mr. Alfred John",1,-0.1260412281098146,0,0,392095,-0.5077963758574427,,2
1016,0,3,"Kennedy, Mr. John",1,-0.2048523475561909,0,0,368783,-0.4988331128150913,,1
1017,1,3,"Cribb, Miss. Laura Alice",0,-0.9929635420199536,0,1,371362,-0.3491466200078219,,2
1018,0,3,"Brobeck, Mr. Karl Rudolf",1,-0.5989079447880722,0,0,350045,-0.4980120779204119,,2
1019,1,3,"McCoy, Miss. Alicia",0,-0.2048523475561909,2,0,367226,-0.22097195850219595,,1
1020,0,2,"Bowenur, Mr. Solomon",1,0.9773144441394531,0,0,211535,-0.40471885087040094,,2
1021,0,3,"Petersen, Mr. Marius",1,-0.4412857058953197,0,0,342441,-0.4934551549896804,,2
1022,0,3,"Spinner, Mr. Henry John",1,0.18920324967569047,0,0,STON/OQ. 369943,-0.4934551549896804,,2
1023,0,1,"Gracie, Col. Archibald IV",1,1.8442367580495922,0,0,113780,-0.1268576965575056,C51,0
1024,1,3,"Lefebre, Mrs. Frank (Frances)",0,-0.2048523475561909,0,4,4133,-0.181234228130235,,2
1025,0,3,"Thomas, Mr. Charles P",1,-0.2048523475561909,1,0,2621,-0.5223616783012639,,0
1026,0,3,"Dintcheff, Mr. Valtcho",1,1.0561255635858293,0,0,349226,-0.4962194253119416,,2
1027,0,3,"Carlsson, Mr. Carl Robert",1,-0.4412857058953197,0,0,350409,-0.4969651687970653,,2
1028,0,3,"Zakarian, Mr. Mapriededer",1,-0.24425790727937902,0,0,2656,-0.5082445390095603,,0
1029,0,2,"Schmidt, Mr. August",1,-0.28366346700256717,0,0,248659,-0.40471885087040094,,2
1030,1,3,"Drapkin, Miss. Jennie",0,-0.520096825341696,0,0,SOTON/OQ 392083,-0.4934551549896804,,2
1031,0,3,"Goodwin, Mr. Charles Frederick",1,0.8196922052467006,1,6,CA 2144,0.20299038340102823,,2
1032,1,3,"Goodwin, Miss. Jessie Allis",0,-1.5446413781445874,5,2,CA 2144,0.20299038340102823,,2
1033,1,1,"Daniels, Miss. Sarah",0,0.2680143691220667,0,0,113781,2.07900133816519,,2
1034,0,1,"Ryerson, Mr. Arthur Larned",1,2.4747257136206025,1,3,PC 17608,4.065708591502392,B57 B59 B63 B66,0
1035,0,2,"Beauchamp, Mr. Henry James",1,-0.1260412281098146,0,0,244358,-0.1716740117692629,,2
1036,0,1,"Lindeberg-Lind, Mr. Erik Gustaf (Mr Edward Lingrey"")""",1,0.9773144441394531,0,0,17475,-0.16181442242267627,,2
1037,0,3,"Vander Planke, Mr. Julius",1,0.11039213022931418,3,0,345763,-0.31508622044688633,,2
1038,0,1,"Hilliard, Mr. Herbert Henry",1,-0.2048523475561909,0,0,17463,0.29195076909636647,E46,2
1039,0,3,"Davies, Mr. Evan",1,-0.5989079447880722,0,0,SC/A4 23568,-0.4934551549896804,,2
1040,0,1,"Crafton, Mr. John Bertram",1,-0.2048523475561909,0,0,113791,-0.16181442242267627,,2
1041,0,2,"Lahtinen, Rev. William",1,0.031581010782937916,1,1,250651,-0.1716740117692629,,2
1042,1,1,"Earnshaw, Mrs. Boulton (Olive Potter)",0,-0.520096825341696,0,1,11767,0.8529757441380124,C54,0
1043,0,3,"Matinoff, Mr. Nicola",1,-0.2048523475561909,0,0,349255,-0.4962194253119416,,0
1044,0,3,"Storey, Mr. Thomas",1,2.4353201538974143,0,0,3701,-0.37865009663802596,,2
1045,1,3,"Klasen, Mrs. (Hulda Kristina Eugenia Lofqvist)",0,0.5044477274611955,0,2,350405,-0.41935944472377784,,2
1046,0,3,"Asplund, Master. Filip Oscar",1,-1.3082080198054586,4,2,347077,-0.0750948524879259,,2
1047,0,3,"Duquemin, Mr. Joseph",1,-0.4412857058953197,0,0,S.O./P.P. 752,-0.5024184180320319,,2
1048,1,1,"Bird, Miss. Ellen",0,-0.04723010866343835,0,0,PC 17483,3.3379669238730085,C97,2
1049,1,3,"Lundin, Miss. Olga Elida",0,-0.520096825341696,0,0,347469,-0.4969651687970653,,2
1050,0,1,"Borebank, Mr. John James",1,0.9773144441394531,0,0,110489,-0.16181442242267627,D22,2
1051,1,3,"Peacock, Mrs. Benjamin (Edith Nile)",0,-0.28366346700256717,0,2,SOTON/O.Q. 3101315,-0.3908257931547562,,2
1052,1,3,"Smyth, Miss. Julia",0,-0.2048523475561909,0,0,335432,-0.49913248580070585,,1
1053,0,3,"Touma, Master. Georges Youssef",1,-1.7810747364837163,1,1,2650,-0.3644594585893751,,0
1054,1,2,"Wright, Miss. Marion",0,-0.28366346700256717,0,0,220844,-0.3957555878280495,,2
1055,0,3,"Pearce, Mr. Ernest",1,-0.2048523475561909,0,0,343271,-0.5122780073786185,,2
1056,0,2,"Peruschitz, Rev. Joseph Maria",1,0.8985033246930769,0,0,237393,-0.40471885087040094,,2
1057,1,3,"Kink-Heilmann, Mrs. Anton (Luise Heilmann)",0,-0.28366346700256717,1,1,315153,-0.24293195295595707,,2
1058,0,1,"Brandeis, Mr. Emil",1,1.4501811608177106,0,0,PC 17591,0.2674505858964031,B10,0
1059,0,3,"Ford, Mr. Edward Watson",1,-0.9141524225735773,2,2,W./C. 6608,-0.02153935580987589,,2
1060,1,1,"Cassebeer, Mrs. Henry Arthur Jr (Eleanor Genevieve Fosdick)",0,-0.2048523475561909,0,0,17770,-0.1408260456827061,,0
1061,1,3,"Hellstrom, Miss. Hilda Maria",0,-0.5989079447880722,0,0,7548,-0.477097199937389,,2
1062,0,3,"Lithman, Mr. Simon",1,-0.2048523475561909,0,0,S.O./P.P. 251,-0.5024184180320319,,2
1063,0,3,"Zakarian, Mr. Ortin",1,-0.2048523475561909,0,0,2670,-0.5082445390095603,,0
1064,0,3,"Dyker, Mr. Adolf Fredrik",1,-0.520096825341696,1,0,347072,-0.38858497739416836,,2
1065,0,3,"Torfa, Mr. Assad",1,-0.2048523475561909,0,0,2673,-0.5081692476000046,,0
1066,0,3,"Asplund, Mr. Carl Oscar Vilhelm Gustafsson",1,0.8196922052467006,1,5,347077,-0.0750948524879259,,2
1067,1,2,"Brown, Miss. Edith Eileen",0,-1.150585780912706,0,2,29750,0.06137082733187515,,2
1068,1,2,"Sincock, Miss. Maude",0,-0.7565301836808248,0,0,C.A. 33112,0.02103614364129356,,2
1069,0,1,"Stengel, Mr. Charles Emil Henry",1,1.9230478774959683,1,0,11778,0.3561133912587352,C116,0
1070,1,2,"Becker, Mrs. Allen Oliver (Nellie E Baumgardner)",0,0.5044477274611955,0,3,230136,0.06137082733187515,F4,2
1071,1,1,"Compton, Mrs. Alexander Taylor (Mary Eliza Ingersoll)",0,2.7111590719597314,0,2,PC 17756,0.8529757441380124,E45,0
1072,0,2,"McCrie, Mr. James Matthew",1,0.031581010782937916,0,0,233478,-0.40471885087040094,,2
1073,0,1,"Compton, Mr. Alexander Taylor Jr",1,0.5832588469075718,1,1,PC 17756,0.8529757441380124,E52,0
1074,1,1,"Marvin, Mrs. Daniel Warner (Mary Graham Carmichael Farquarson)",0,-0.9141524225735773,1,0,113773,0.31413484512618645,D30,2
1075,0,3,"Lane, Mr. Patrick",1,-0.2048523475561909,0,0,7935,-0.4988331128150913,,1
1076,1,1,"Douglas, Mrs. Frederick Charles (Mary Helene Baxter)",0,-0.2048523475561909,1,1,PC 17558,3.7994243877349976,B58 B60,0
1077,0,2,"Maybery, Mr. Frank Hubert",1,0.8196922052467006,0,0,239059,-0.35093927261629215,,2
1078,1,2,"Phillips, Miss. Alice Frances Louisa",0,-0.6777190642344485,0,1,S.O./P.P. 2,-0.26130664219277755,,2
1079,0,3,"Davies, Mr. Joseph",1,-0.9929635420199536,2,0,A/4 48873,-0.4934551549896804,,2
1080,1,3,"Sage, Miss. Ada",0,-0.2048523475561909,8,2,CA. 2343,0.6090261992195495,,2
1081,0,2,"Veal, Mr. James",1,0.8196922052467006,0,0,28221,-0.40471885087040094,,2
1082,0,2,"Angle, Mr. William A",1,0.346825488568443,1,0,226875,-0.1716740117692629,,2
1083,0,1,"Salomon, Mr. Abraham L",1,-0.2048523475561909,0,0,111163,-0.1716740117692629,,2
1084,0,3,"van Billiard, Master. Walter John",1,-1.426424698975023,1,1,A/5. 851,-0.3778290617433466,,2
1085,0,2,"Lingane, Mr. John",1,2.4747257136206025,0,0,235509,-0.4163710928254578,,1
1086,0,2,"Drew, Master. Marshall Brines",1,-1.70226361703734,0,2,28220,-0.055151592218693875,,2
1087,0,3,"Karlsson, Mr. Julius Konrad Eugen",1,0.2680143691220667,0,0,347465,-0.4969651687970653,,2
1088,0,1,"Spedden, Master. Robert Douglas",1,-1.8598858559300926,0,2,16966,1.7733540684210047,E34,0
1089,1,3,"Nilsson, Miss. Berta Olivia",0,-0.9141524225735773,0,0,347066,-0.49838494966297375,,2
1090,0,2,"Baimbrigge, Mr. Charles Robert",1,-0.520096825341696,0,0,C.A. 31030,-0.44953516608215827,,2
1091,1,3,"Rasmussen, Mrs. (Lena Jacobsen Solvang)",0,-0.2048523475561909,0,0,65305,-0.49233474710938646,,2
1092,1,3,"Murphy, Miss. Nora",0,-0.2048523475561909,0,0,36568,-0.3599025356586436,,1
1093,0,3,"Danbom, Master. Gilbert Sigvard Emanuel",1,-2.306744903191046,0,2,347080,-0.37962171435181685,,2
1094,0,1,"Astor, Col. John Jacob",1,1.3713700413713346,1,0,PC 17757,3.440969157450495,C62 C64,0
1095,1,2,"Quick, Miss. Winifred Vera",0,-1.70226361703734,1,1,26360,-0.1716740117692629,,2
1096,0,2,"Andrew, Mr. Frank Thomas",1,-0.3624745864489434,0,0,C.A. 34050,-0.44953516608215827,,2
1097,0,1,"Omont, Mr. Alfred Fernand",1,-0.2048523475561909,0,0,F.C. 12998,-0.17630443345694163,,0
1098,1,3,"McGowan, Miss. Katherine",0,0.4256366080148193,0,0,9232,-0.4988331128150913,,1
1099,0,2,"Collett, Mr. Sidney C Stuart",1,-0.4412857058953197,0,0,28034,-0.44953516608215827,,2
1100,1,1,"Rosenbaum, Miss. Edith Louise",0,0.2680143691220667,0,0,PC 17613,-0.1408260456827061,A11,0
1101,0,3,"Delalic, Mr. Redjo",1,-0.3624745864489434,0,0,349250,-0.4962194253119416,,2
1102,0,3,"Andersen, Mr. Albert Karvin",1,0.18920324967569047,0,0,C 4001,-0.2339686899136056,,2
1103,0,3,"Finoli, Mr. Luigi",1,-0.2048523475561909,0,0,SOTON/O.Q. 3101308,-0.5113816810743833,,2
1104,0,2,"Deacon, Mr. Percy William",1,-0.9929635420199536,0,0,S.O.C. 14879,0.6798359772541261,,2
1105,1,2,"Howard, Mrs. Benjamin (Ellen Truelove Arman)",0,2.395914594174226,1,0,24065,-0.1716740117692629,,2
1106,1,3,"Andersson, Miss. Ida Augusta Margareta",0,0.6620699663539481,4,2,347091,-0.49838494966297375,,2
1107,0,1,"Head, Mr. Christopher",1,0.9773144441394531,0,0,113038,0.1241136686283354,B11,2
1108,1,3,"Mahon, Miss. Bridget Delia",0,-0.2048523475561909,0,0,330924,-0.49651700564494766,,1
1109,0,1,"Wick, Mr. George Dennick",1,2.159481235835097,1,1,36928,2.3177235080773535,,2
1110,1,1,"Widener, Mrs. George Dunton (Eleanor Elkins)",0,1.6078033997104633,1,1,113503,3.15369657694313,C80,0
1111,0,3,"Thomson, Mr. Alexander Morrison",1,-0.2048523475561909,0,0,32302,-0.4934551549896804,,2
1112,1,2,"Duran y More, Miss. Florentina",0,0.031581010782937916,1,0,SC/PARIS 2148,-0.3893325135319004,,0
1113,0,3,"Reynolds, Mr. Harold J",1,-0.6777190642344485,0,0,342684,-0.4934551549896804,,2
1114,1,2,"Cook, Mrs. (Selena Rogers)",0,-0.5989079447880722,0,0,W./C. 14266,-0.44953516608215827,F33,2
1115,0,3,"Karlsson, Mr. Einar Gervasius",1,-0.6777190642344485,0,0,350053,-0.4980120779204119,,2
1116,1,1,"Candee, Mrs. Edward (Helen Churchill Hungerford)",0,1.8442367580495922,0,0,PC 17606,-0.14575584035599945,,0
1117,1,3,"Moubarek, Mrs. George (Omine Amenia"" Alexander)""",0,-0.2048523475561909,0,2,2661,-0.3644594585893751,,0
1118,0,3,"Asplund, Mr. Johan Charles",1,-0.520096825341696,0,0,350054,-0.4980120779204119,,2
1119,1,3,"McNeill, Miss. Bridget",0,-0.2048523475561909,0,0,370368,-0.4988331128150913,,1
1120,0,3,"Everett, Mr. Thomas James",1,0.8590977649698888,0,0,C.A. 6212,-0.3670731460925248,,2
1121,0,2,"Hocking, Mr. Samuel James Metcalfe",1,0.5044477274611955,0,0,242963,-0.40471885087040094,,2
1122,0,2,"Sweet, Mr. George Frederick",1,-1.2293969003590823,0,0,220845,0.5274605055341512,,2
1123,1,1,"Willard, Miss. Constance",0,-0.6777190642344485,0,0,113795,-0.16181442242267627,,2
1124,0,3,"Wiklund, Mr. Karl Johan",1,-0.6777190642344485,1,0,3101266,-0.5213165618305258,,2
1125,0,3,"Linehan, Mr. Michael",1,-0.2048523475561909,0,0,330971,-0.49651700564494766,,1
1126,0,1,"Cumings, Mr. John Bradley",1,0.7408810858003243,1,0,PC 17599,0.6400982468821651,C85,0
1127,0,3,"Vendel, Mr. Olof Edvin",1,-0.7565301836808248,0,0,350416,-0.4969651687970653,,2
1128,0,1,"Warren, Mr. Frank Manley",1,2.7111590719597314,1,0,110813,0.7112073979023562,D37,0
1129,0,3,"Baccos, Mr. Raffull",1,-0.7565301836808248,0,0,2679,-0.5082445390095603,,0
1130,1,2,"Hiltunen, Miss. Marta",0,-0.9141524225735773,1,1,250650,-0.40471885087040094,,2
1131,1,1,"Douglas, Mrs. Walter Donald (Mahala Dutton)",0,1.4501811608177106,1,0,PC 17761,1.2700668485929698,C86,0
1132,1,1,"Lindstrom, Mrs. Carl Johan (Sigrid Posse)",0,2.0018589969423446,0,0,112377,-0.1408260456827061,,0
1133,1,2,"Christy, Mrs. (Alice Frances)",0,1.213747802478582,0,2,237789,-0.0999679074304512,,2
1134,0,1,"Spedden, Mr. Frederic Oakley",1,1.213747802478582,1,1,16966,1.7733540684210047,E34,0
1135,0,3,"Hyman, Mr. Abraham",1,-0.2048523475561909,0,0,3470,-0.4963682154784447,,2
1136,0,3,"Johnston, Master. William Arthur Willie""""",1,-0.2048523475561909,1,2,W./C. 6607,-0.2173866532852554,,2
1137,0,1,"Kenyon, Mr. Frederick R",1,0.8985033246930769,1,0,17464,0.29195076909636647,D21,2
1138,1,2,"Karnes, Mrs. J Frank (Claire Bennett)",0,-0.5989079447880722,0,0,F.C.C. 13534,-0.26130664219277755,,2
1139,0,2,"Drew, Mr. James Vivian",1,0.9773144441394531,1,1,28220,-0.055151592218693875,,2
1140,1,2,"Hold, Mrs. Stephen (Annie Margaret Hill)",0,-0.04723010866343835,1,0,26707,-0.1716740117692629,,2
1141,1,3,"Khalil, Mrs. Betros (Zahie Maria"" Elias)""",0,-0.2048523475561909,1,0,2660,-0.37865009663802596,,0
1142,1,2,"West, Miss. Barbara J",0,-2.260246342717684,1,2,C.A. 34651,-0.14030259112103277,,2
1143,0,3,"Abrahamsson, Mr. Abraham August Johannes",1,-0.7565301836808248,0,0,SOTON/O2 3101284,-0.4956959707502683,,2
1144,0,1,"Clark, Mr. Walter Miller",1,-0.2048523475561909,1,0,13508,1.8142122066732598,C89,0
1145,0,3,"Salander, Mr. Karl Johan",1,-0.4412857058953197,0,0,7266,-0.4705988342316842,,2
1146,0,3,"Wenzel, Mr. Linhart",1,0.2286088093988786,0,0,345775,-0.4674616921668612,,2
1147,0,3,"MacKay, Mr. George William",1,-0.2048523475561909,0,0,C.A. 42795,-0.5024184180320319,,2
1148,0,3,"Mahon, Mr. John",1,-0.2048523475561909,0,0,AQ/4 3130,-0.4988331128150913,,1
1149,0,3,"Niklasson, Mr. Samuel",1,-0.1260412281098146,0,0,363611,-0.4934551549896804,,2
1150,1,2,"Bentham, Miss. Lilian W",0,-0.835341303127201,0,0,28404,-0.40471885087040094,,2
1151,0,3,"Midtsjo, Mr. Karl Albert",1,-0.6777190642344485,0,0,345501,-0.49838494966297375,,2
1152,0,3,"de Messemaeker, Mr. Guillaume Joseph",1,0.5438532871843836,1,0,345572,-0.32584213609770807,,2
1153,0,3,"Nilsson, Mr. August Ferdinand",1,-0.6777190642344485,0,0,350410,-0.4969651687970653,,2
1154,1,2,"Wells, Mrs. Arthur Henry (Addie"" Dart Trevaskis)""",0,-0.04723010866343835,0,2,29103,-0.22545359002337167,,2
1155,1,3,"Klasen, Miss. Gertrud Emilia",0,-2.253941453161974,1,1,350405,-0.41935944472377784,,2
1156,0,2,"Portaluppi, Mr. Emilio Ilario Giuseppe",1,0.031581010782937916,0,0,C.A. 34644,-0.40942456396763544,,0
1157,0,3,"Lyntakoff, Mr. Stanko",1,-0.2048523475561909,0,0,349235,-0.4962194253119416,,2
1158,0,1,"Chisholm, Mr. Roderick Robert Crispin",1,-0.2048523475561909,0,0,112051,-0.637763689971539,,2
1159,0,3,"Warren, Mr. Charles William",1,-0.2048523475561909,0,0,C.A. 49867,-0.5024184180320319,,2
1160,1,3,"Howard, Miss. May Elizabeth",0,-0.2048523475561909,0,0,A. 2. 39186,-0.4934551549896804,,2
1161,0,3,"Pokrnic, Mr. Mate",1,-0.9929635420199536,0,0,315095,-0.48247515776279987,,2
1162,0,1,"McCaffry, Mr. Thomas Francis",1,1.2925589219249582,0,0,13050,0.711058607735853,C6,0
1163,0,3,"Fox, Mr. Patrick",1,-0.2048523475561909,0,0,368573,-0.4988331128150913,,1
1164,1,1,"Clark, Mrs. Walter Miller (Virginia McDowell)",0,-0.28366346700256717,1,0,13508,1.8142122066732598,C89,0
1165,1,3,"Lennon, Miss. Mary",0,-0.2048523475561909,1,0,370371,-0.3599025356586436,,1
1166,0,3,"Saade, Mr. Jean Nassr",1,-0.2048523475561909,0,0,2676,-0.5082445390095603,,0
1167,1,2,"Bryhl, Miss. Dagmar Jenny Ingeborg ",0,-0.7565301836808248,1,0,236853,-0.1716740117692629,,2
1168,0,2,"Parker, Mr. Clifford Richard",1,-0.1260412281098146,0,0,SC 14888,-0.44953516608215827,,2
1169,0,2,"Faunthorpe, Mr. Harry",1,0.8196922052467006,1,0,2926,-0.1716740117692629,,2
1170,0,2,"Ware, Mr. John James",1,0.031581010782937916,1,0,CA 31352,-0.26130664219277755,,2
1171,0,2,"Oxenham, Mr. Percy Thomas",1,-0.5989079447880722,0,0,W./C. 14260,-0.44953516608215827,,2
1172,1,3,"Oreskovic, Miss. Jelka",0,-0.520096825341696,0,0,315085,-0.48247515776279987,,2
1173,0,3,"Peacock, Master. Alfred Edward",1,-2.273644233023568,1,1,SOTON/O.Q. 3101315,-0.3908257931547562,,2
1174,1,3,"Fleming, Miss. Honora",0,-0.2048523475561909,0,0,364859,-0.4988331128150913,,1
1175,1,3,"Touma, Miss. Maria Youssef",0,-1.6234524975909637,1,1,2650,-0.3644594585893751,,0
1176,1,3,"Rosblom, Miss. Salli Helena",0,-2.1751303337155976,1,1,370129,-0.2754237814844811,,2
1177,0,3,"Dennis, Mr. William",1,0.5044477274611955,0,0,A/5 21175,-0.5077963758574427,,2
1178,0,3,"Franklin, Mr. Charles (Charles Fardon)",1,-0.2048523475561909,0,0,SOTON/O.Q. 3101314,-0.5077963758574427,,2
1179,0,1,"Snyder, Mr. John Pillsbury",1,-0.4412857058953197,1,0,21228,0.8369924534808912,B45,2
1180,0,3,"Mardirosian, Mr. Sarkis",1,-0.2048523475561909,0,0,2655,-0.5081692476000046,F E46,0
1181,0,3,"Ford, Mr. Arthur",1,-0.2048523475561909,0,0,A/5 1478,-0.4934551549896804,,2
1182,0,1,"Rheims, Mr. George Alexander Lucien",1,-0.2048523475561909,0,0,PC 17607,0.07212674298269693,,2
1183,1,3,"Daly, Miss. Margaret Marcella Maggie""""",0,0.031581010782937916,0,0,382650,-0.5131743336828537,,1
1184,0,3,"Nasr, Mr. Mustafa",1,-0.2048523475561909,0,0,2652,-0.5081692476000046,,0
1185,0,1,"Dodge, Dr. Washington",1,1.8442367580495922,1,1,33638,0.8296712602278986,A34,2
1186,0,3,"Wittevrongel, Mr. Camille",1,0.5044477274611955,0,0,345771,-0.4674616921668612,,2
1187,0,3,"Angheloff, Mr. Minko",1,-0.28366346700256717,0,0,349202,-0.4962194253119416,,2
1188,1,2,"Laroche, Miss. Louise",0,-2.253941453161974,1,2,SC/Paris 2123,0.10760692340954094,,0
1189,0,3,"Samaan, Mr. Hanna",1,-0.2048523475561909,2,0,2662,-0.24913094567604727,,0
1190,0,1,"Loring, Mr. Joseph Holland",1,0.031581010782937916,0,0,113801,0.17789324688244418,,2
1191,0,3,"Johansson, Mr. Nils",1,-0.04723010866343835,0,0,347467,-0.4969651687970653,,2
1192,0,3,"Olsson, Mr. Oscar Wilhelm",1,0.18920324967569047,0,0,347079,-0.49838494966297375,,2
1193,0,2,"Malachard, Mr. Noel",1,-0.2048523475561909,0,0,237735,-0.3680447638063157,D,0
1194,0,2,"Phillips, Mr. Escott Robert",1,1.0561255635858293,0,1,S.O./P.P. 2,-0.26130664219277755,,2
1195,0,3,"Pokrnic, Mr. Tome",1,-0.4412857058953197,0,0,315092,-0.48247515776279987,,2
1196,1,3,"McCarthy, Miss. Catherine Katie""""",0,-0.2048523475561909,0,0,383123,-0.4988331128150913,,1
1197,1,1,"Crosby, Mrs. Edward Gifford (Catherine Elizabeth Halstead)",0,2.7111590719597314,1,1,112901,-0.16181442242267627,B26,2
1198,0,1,"Allison, Mr. Hudson Joshua Creighton",1,0.031581010782937916,1,2,113781,2.07900133816519,C22 C26,2
1199,0,3,"Aks, Master. Philip Frank",1,-2.267339343467858,0,1,392091,-0.4701506710795666,,2
1200,0,1,"Hays, Mr. Charles Melville",1,2.0018589969423446,1,1,12749,1.0383664989481847,B69,2
1201,1,3,"Hansen, Mrs. Claus Peter (Jennie L Howard)",0,1.213747802478582,1,0,350026,-0.3848508820107247,,2
1202,0,3,"Cacic, Mr. Jego Grga",1,-0.9141524225735773,0,0,315091,-0.48247515776279987,,2
1203,0,3,"Vartanian, Mr. David",1,-0.5989079447880722,0,0,2658,-0.5082445390095603,,0
1204,0,3,"Sadowitz, Mr. Harry",1,-0.2048523475561909,0,0,LP 1588,-0.5019702548799143,,2
1205,1,3,"Carr, Miss. Jeannie",0,0.5832588469075718,0,0,368364,-0.4988331128150913,,1
1206,1,1,"White, Mrs. John Stuart (Ella Holmes)",0,2.0018589969423446,0,0,PC 17760,1.7936702004327985,C32,0
1207,1,3,"Hagardon, Miss. Kate",0,-0.9929635420199536,0,0,AQ/3. 30631,-0.49913248580070585,,1
1208,0,1,"Spencer, Mr. William Augustus",1,2.159481235835097,1,0,PC 17569,1.9888452531800018,B78,0
1209,0,2,"Rogers, Mr. Reginald Harry",1,-0.835341303127201,0,0,28004,-0.44953516608215827,,2
1210,0,3,"Jonsson, Mr. Nils Hilding",1,-0.2048523475561909,0,0,350408,-0.4969651687970653,,2
1211,0,2,"Jefferys, Mr. Ernest Wilfred",1,-0.5989079447880722,2,0,C.A. 31029,-0.0730781183033968,,2
1212,0,3,"Andersson, Mr. Johan Samuel",1,-0.28366346700256717,0,0,347075,-0.49838494966297375,,2
1213,0,3,"Krekorian, Mr. Neshan",1,-0.3624745864489434,0,0,2654,-0.5081692476000046,F E57,0
1214,0,2,"Nesson, Mr. Israel",1,-0.28366346700256717,0,0,244368,-0.40471885087040094,F2,2
1215,0,1,"Rowe, Mr. Alfred G",1,0.2680143691220667,0,0,113790,-0.16181442242267627,,2
1216,1,1,"Kreuchen, Miss. Emilie",0,0.7408810858003243,0,0,24160,3.150783516454366,,2
1217,0,3,"Assam, Mr. Ali",1,-0.520096825341696,0,0,SOTON/O.Q. 3101309,-0.5113816810743833,,2
1218,1,2,"Becker, Miss. Ruth Elizabeth",0,-1.387019139251835,2,1,230136,0.06137082733187515,F4,2
1219,0,1,"Rosenshine, Mr. George (Mr George Thorne"")""",1,1.2925589219249582,0,0,PC 17585,0.7820171759369329,,0
1220,0,2,"Clarke, Mr. Charles Valentine",1,-0.04723010866343835,1,0,2003,-0.1716740117692629,,2
1221,0,2,"Enander, Mr. Ingvar",1,-0.6777190642344485,0,0,236854,-0.40471885087040094,,2
1222,1,2,"Davies, Mrs. John Morgan (Elizabeth Agnes Mary White) ",0,1.4501811608177106,0,2,C.A. 33112,0.02103614364129356,,2
1223,0,1,"Dulles, Mr. William Crothers",1,0.7408810858003243,0,0,PC 17580,-0.10534586525586208,A18,0
1224,0,3,"Thomas, Mr. Tannous",1,-0.2048523475561909,0,0,2684,-0.5082445390095603,,0
1225,1,3,"Nakid, Mrs. Said (Waika Mary"" Mowad)""",0,-0.835341303127201,1,1,2653,-0.3555696943039709,,0
1226,0,3,"Cor, Mr. Ivan",1,-0.2048523475561909,0,0,349229,-0.4962194253119416,,2
1227,0,1,"Maguire, Mr. John Edward",1,0.031581010782937916,0,0,110469,-0.1716740117692629,C106,2
1228,0,2,"de Brito, Mr. Jose Joaquim",1,0.18920324967569047,0,0,244360,-0.40471885087040094,,2
1229,0,3,"Elias, Mr. Joseph",1,0.7408810858003243,0,2,2675,-0.5081692476000046,,0
1230,0,2,"Denbury, Mr. Herbert",1,-0.3624745864489434,0,0,C.A. 31029,-0.0730781183033968,,2
1231,0,3,"Betros, Master. Seman",1,-0.2048523475561909,0,0,2622,-0.5081692476000046,,0
1232,0,2,"Fillbrook, Mr. Joseph Charles",1,-0.9141524225735773,0,0,C.A. 15185,-0.44953516608215827,,2
1233,0,3,"Lundstrom, Mr. Thure Edvin",1,0.18920324967569047,0,0,350403,-0.5018949634703586,,2
1234,0,3,"Sage, Mr. John George",1,-0.2048523475561909,1,9,CA. 2343,0.6090261992195495,,2
1235,1,1,"Cardeza, Mrs. James Warburton Martinez (Charlotte Wardle Drake)",0,2.2382923552814735,0,1,PC 17755,8.546519077783444,B51 B53 B55,0
1236,0,3,"van Billiard, Master. James William",1,-0.2048523475561909,1,1,A/5. 851,-0.3778290617433466,,2
1237,1,3,"Abelseth, Miss. Karen Marie",0,-1.07177466146633,0,0,348125,-0.5006257654235616,,2
1238,0,2,"Botsford, Mr. William Hull",1,-0.28366346700256717,0,0,237670,-0.40471885087040094,,2
1239,1,3,"Whabee, Mrs. George Joseph (Shawneene Abi-Saab)",0,0.6620699663539481,0,0,2688,-0.5081692476000046,,0
1240,0,2,"Giles, Mr. Ralph",1,-0.4412857058953197,0,0,248726,-0.3957555878280495,,2
1241,1,2,"Walcroft, Miss. Nellie",0,0.11039213022931418,0,0,F.C.C. 13528,-0.26130664219277755,,2
1242,1,1,"Greenfield, Mrs. Leo David (Blanche Strouse)",0,1.213747802478582,0,1,PC 17759,0.49803052766089445,D10 D12,0
1243,0,2,"Stokes, Mr. Philip Joseph",1,-0.3624745864489434,0,0,F.C.C. 13540,-0.44953516608215827,,2
1244,0,2,"Dibden, Mr. William",1,-0.9141524225735773,0,0,S.O.C. 14879,0.6798359772541261,,2
1245,0,2,"Herman, Mr. Samuel",1,1.528992280264087,1,2,220845,0.5274605055341512,,2
1246,1,3,"Dean, Miss. Elizabeth Gladys Millvina""""",0,-2.319354682302466,1,2,C.A. 2315,-0.26892541577877627,,2
1247,0,1,"Julian, Mr. Henry Forbes",1,1.6078033997104633,0,0,113044,-0.1716740117692629,E60,2
1248,1,1,"Brown, Mrs. John Murray (Caroline Lane Lamson)",0,2.31710347472785,2,0,11769,0.2850795316480999,C101,2
1249,0,3,"Lockyer, Mr. Edward",1,-0.2048523475561909,0,0,1222,-0.49651700564494766,,2
1250,0,3,"O'Keefe, Mr. Patrick",1,-0.2048523475561909,0,0,368402,-0.4988331128150913,,1
1251,1,3,"Lindell, Mrs. Edvard Bengtsson (Elin Gerda Persson)",0,0.031581010782937916,1,0,349910,-0.35900620935440847,,2
1252,0,3,"Sage, Master. William Henry",1,-1.1899913406358942,8,2,CA. 2343,0.6090261992195495,,2
1253,1,2,"Mallet, Mrs. Albert (Antoinette Magnin)",0,-0.4412857058953197,1,1,S.C./PARIS 2079,0.025593066572024994,,0
1254,1,2,"Ware, Mrs. John James (Florence Louise Long)",0,0.11039213022931418,0,0,CA 31352,-0.26130664219277755,,2
1255,0,3,"Strilic, Mr. Ivan",1,-0.2048523475561909,0,0,315083,-0.48247515776279987,,2
1256,1,1,"Harder, Mrs. George Achilles (Dorothy Annan)",0,-0.3624745864489434,1,0,11765,0.3561133912587352,E50,0
1257,1,3,"Sage, Mrs. John (Annie Bullen)",0,-0.2048523475561909,1,9,CA. 2343,0.6090261992195495,,2
1258,0,3,"Caram, Mr. Joseph",1,-0.2048523475561909,1,0,2689,-0.37857659788107867,,0
1259,1,3,"Riihivouri, Miss. Susanna Juhantytar Sanni""""",0,-0.5989079447880722,0,0,3101295,0.07369531401510841,,2
1260,1,1,"Gibson, Mrs. Leonard (Pauline C Boeson)",0,1.213747802478582,0,1,112378,0.4270719594598148,,0
1261,0,2,"Pallas y Castello, Mr. Emilio",1,-0.04723010866343835,0,0,SC/PARIS 2147,-0.3893325135319004,,0
1262,0,2,"Giles, Mr. Edgar",1,-0.6777190642344485,1,0,28133,-0.43160863999745536,,2
1263,1,1,"Wilson, Miss. Helen Alice",0,0.11039213022931418,0,0,16966,1.7733540684210047,E39 E41,0
1264,0,1,"Ismay, Mr. Joseph Bruce",1,1.528992280264087,0,0,112058,-0.637763689971539,B52 B54 B56,2
1265,0,2,"Harbeck, Mr. William H",1,1.1349366830322056,0,0,248746,-0.40471885087040094,,2
1266,1,1,"Dodge, Mrs. Washington (Ruth Vidaver)",0,1.9230478774959683,1,1,33638,0.8296712602278986,A34,2
1267,1,1,"Bowen, Miss. Grace Scott",0,1.213747802478582,0,0,PC 17608,4.065708591502392,,0
1268,1,3,"Kink, Miss. Maria",0,-0.5989079447880722,2,0,315152,-0.48247515776279987,,2
1269,0,2,"Cotterill, Mr. Henry Harry""""",1,-0.6777190642344485,0,0,29107,-0.43160863999745536,,2
1270,0,1,"Hipkins, Mr. William Edward",1,2.0018589969423446,0,0,680,0.2585626142636073,C39,2
1271,0,3,"Asplund, Master. Carl Edgar",1,-1.938696975376469,4,2,347077,-0.0750948524879259,,2
1272,0,3,"O'Connor, Mr. Patrick",1,-0.2048523475561909,0,0,366713,-0.4988331128150913,,1
1273,0,3,"Foley, Mr. Joseph",1,-0.28366346700256717,0,0,330910,-0.49651700564494766,,1
1274,1,3,"Risien, Mrs. Samuel (Emma)",0,-0.2048523475561909,0,0,364498,-0.3778290617433466,,2
1275,1,3,"McNamee, Mrs. Neal (Eileen O'Leary)",0,-0.835341303127201,1,0,376566,-0.3491466200078219,,2
1276,0,2,"Wheeler, Mr. Edwin Frederick""""",1,-0.2048523475561909,0,0,SC/PARIS 2159,-0.4069596666309888,,2
1277,1,2,"Herman, Miss. Kate",0,-0.4412857058953197,1,2,220845,0.5274605055341512,,2
1278,0,3,"Aronsson, Mr. Ernst Axel Algot",1,-0.4412857058953197,0,0,349911,-0.49838494966297375,,2
1279,0,2,"Ashby, Mr. John",1,2.159481235835097,0,0,244346,-0.40471885087040094,,2
1280,0,3,"Canavan, Mr. Patrick",1,-0.6777190642344485,0,0,364858,-0.4988331128150913,,1
1281,0,3,"Palsson, Master. Paul Folke",1,-1.8598858559300926,3,1,349909,-0.2599621527364248,,2
1282,0,1,"Payne, Mr. Vivian Ponsonby",1,-0.520096825341696,0,0,12749,1.0383664989481847,B24,2
1283,1,1,"Lines, Mrs. Ernest H (Elizabeth Lindsey James)",0,1.6866145191568396,0,1,PC 17592,0.06854143776575629,D28,2
1284,0,3,"Abbott, Master. Eugene Joseph",1,-1.3082080198054586,0,2,C.A. 2673,-0.2747515367563047,,2
1285,0,2,"Gilbert, Mr. William",1,1.3713700413713346,0,0,C.A. 30769,-0.44953516608215827,,2
1286,0,3,"Kink-Heilmann, Mr. Anton",1,-0.04723010866343835,3,1,315153,-0.24293195295595707,,2
1287,1,1,"Smith, Mrs. Lucien Philip (Mary Eloise Hughes)",0,-0.9141524225735773,1,0,13695,0.4378278751106366,C31,2
1288,0,3,"Colbert, Mr. Patrick",1,-0.4412857058953197,0,0,371109,-0.5077963758574427,,1
1289,1,1,"Frolicher-Stehli, Mrs. Maxmillian (Margaretha Emerentia Stehli)",0,1.4501811608177106,1,1,13567,0.7820171759369329,B41,0
1290,0,3,"Larsson-Rondberg, Mr. Edvard A",1,-0.5989079447880722,0,0,347065,-0.49838494966297375,,2
1291,0,3,"Conlon, Mr. Thomas Henry",1,0.11039213022931418,0,0,21332,-0.49913248580070585,,1
1292,1,1,"Bonnell, Miss. Caroline",0,0.031581010782937916,0,0,36928,2.3177235080773535,C7,2
1293,0,2,"Gale, Mr. Harry",1,0.6620699663539481,1,0,28664,-0.26130664219277755,,2
1294,1,1,"Gibson, Miss. Dorothy Winifred",0,-0.5989079447880722,0,1,112378,0.4270719594598148,,0
1295,0,1,"Carrau, Mr. Jose Pedro",1,-0.9929635420199536,0,0,113059,0.20657568861796888,,2
1296,0,1,"Frauenthal, Mr. Isaac Gerald",1,1.0561255635858293,1,0,17765,-0.1408260456827061,D40,0
1297,0,2,"Nourney, Mr. Alfred (Baron von Drachstedt"")""",1,-0.7565301836808248,0,0,SC/PARIS 2166,-0.38925722212234465,D38,0
1298,0,2,"Ware, Mr. William Jeffery",1,-0.520096825341696,1,0,28666,-0.44953516608215827,,2
1299,0,1,"Widener, Mr. George Dunton",1,1.6078033997104633,1,1,113503,3.15369657694313,C80,0
1300,1,3,"Riordan, Miss. Johanna Hannah""""",0,-0.2048523475561909,0,0,334915,-0.49935656737676465,,1
1301,1,3,"Peacock, Miss. Treasteall",0,-2.0963192142692213,1,1,SOTON/O.Q. 3101315,-0.3908257931547562,,2
1302,1,3,"Naughton, Miss. Hannah",0,-0.2048523475561909,0,0,365237,-0.4988331128150913,,1
1303,1,1,"Minahan, Mrs. William Edward (Lillian E Thorpe)",0,0.5832588469075718,1,0,19928,0.9756236576517244,C78,1
1304,1,3,"Henriksson, Miss. Jenny Lovisa",0,-0.1260412281098146,0,0,347086,-0.49838494966297375,,2
1305,0,3,"Spector, Mr. Woolf",1,-0.2048523475561909,0,0,A.5. 3236,-0.4934551549896804,,2
1306,1,1,"Oliva y Ocana, Dona. Fermina",0,0.7408810858003243,0,0,PC 17758,1.31443500065261,C105,0
1307,0,3,"Saether, Mr. Simon Sivertsen",1,0.7014755260771361,0,0,SOTON/O.Q. 3101262,-0.5077963758574427,,2
1308,0,3,"Ware, Mr. Frederick",1,-0.2048523475561909,0,0,359309,-0.4934551549896804,,2
1309,0,3,"Peter, Master. Michael J",1,-0.2048523475561909,1,1,2668,-0.23695704181192556,,0
